Si,Model Value,Actual,,Ti,Model Value,Actual,,Al,Model Value,Actual,,Fe,Model Value,Actual,,Mn,Model Value,Actual,,Mg,Model Value,Actual,,Ca,Model Value,Actual,,Na,Model Value,Actual,,K,Model Value,Actual,,P,Model Value,Actual,,As,Model Value,Actual,,Ba,Model Value,Actual,,Bi,Model Value,Actual,,Ce,Model Value,Actual,,Cr,Model Value,Actual,,Cs,Model Value,Actual,,Cu,Model Value,Actual,,Dy,Model Value,Actual,,Er,Model Value,Actual,,Eu,Model Value,Actual,,Ag,Model Value,Actual,,Cd,Model Value,Actual,,Se,Model Value,Actual,,Co,Model Value,Actual,,Ga,Model Value,Actual,,Gd,Model Value,Actual,,Hf,Model Value,Actual,,Ho,Model Value,Actual,,La,Model Value,Actual,,Lu,Model Value,Actual,,Mo,Model Value,Actual,,Nb,Model Value,Actual,,Nd,Model Value,Actual,,Ni,Model Value,Actual,,Pb,Model Value,Actual,,Pr,Model Value,Actual,,Rb,Model Value,Actual,,Sb,Model Value,Actual,,Sc,Model Value,Actual,,Sm,Model Value,Actual,,Sn,Model Value,Actual,,Sr,Model Value,Actual,,Ta,Model Value,Actual,,Tb,Model Value,Actual,,Th,Model Value,Actual,,Tl,Model Value,Actual,,Tm,Model Value,Actual,,U,Model Value,Actual,,V,Model Value,Actual,,W,Model Value,Actual,,Y,Model Value,Actual,,Yb,Model Value,Actual,,Zn,Model Value,Actual,,Zr,Model Value,Actual,,
AGV-1,59.38,59.38,,AGV-1,1.05,1.05,,AGV-1,17.11,17.11,,AGV-1,6.09361,6.09361,,AGV-1,0.0966,0.0966,,AGV-1,1.508,1.508,,AGV-1,4.89,4.89,,AGV-1,4.251,4.251,,AGV-1,2.935,2.935,,AGV-1,0.493,0.493,,AGV-1,0.954,0.954,,AGV-1,1218.0,1218.0,,AGV-1,0.045,0.045,,AGV-1,68.61,68.61,,AGV-1,9.47,9.47,,AGV-1,1.25,1.25,,AGV-1,58.4,58.4,,AGV-1,3.583,3.583,,AGV-1,1.825,1.825,,AGV-1,1.658,1.658,,AGV-1,0.078,0.078,,AGV-1,0.075,0.075,,AGV-1,0.006,0.006,,AGV-1,null,null,,AGV-1,20.36,20.36,,AGV-1,4.862,4.862,,AGV-1,5.086,5.086,,AGV-1,0.68,0.68,,AGV-1,38.19,38.19,,AGV-1,0.244,0.244,,AGV-1,2.1,2.1,,AGV-1,14.53,14.53,,AGV-1,32.07,32.07,,AGV-1,15.4,15.4,,AGV-1,36.35,36.35,,AGV-1,8.31,8.31,,AGV-1,67.8,67.8,,AGV-1,4.24,4.24,,AGV-1,12.4,12.4,,AGV-1,5.764,5.764,,AGV-1,4.88,4.88,,AGV-1,661.0,661.0,,AGV-1,0.866,0.866,,AGV-1,0.673,0.673,,AGV-1,6.351,6.351,,AGV-1,0.337,0.337,,AGV-1,0.274,0.274,,AGV-1,1.903,1.903,,AGV-1,119.4,119.4,,AGV-1,487.0,487.0,,AGV-1,19.7,19.7,,AGV-1,1.66,1.66,,AGV-1,86.8,86.8,,AGV-1,231.1,231.1,,
BCR-2,54.0,54.0,,BCR-2,2.265,2.265,,BCR-2,13.48,13.48,,BCR-2,12.39424,12.39424,,BCR-2,0.1966,0.1966,,BCR-2,3.599,3.599,,BCR-2,7.114,7.114,,BCR-2,3.12,3.12,,BCR-2,1.774,1.774,,BCR-2,0.3593,0.3593,,BCR-2,0.86,0.86,,BCR-2,683.9,683.9,,BCR-2,0.05,0.05,,BCR-2,53.12,53.12,,BCR-2,14.9,14.9,,BCR-2,1.16,1.16,,BCR-2,19.66,19.66,,BCR-2,6.424,6.424,,BCR-2,3.67,3.67,,BCR-2,1.989,1.989,,BCR-2,0.09,0.09,,BCR-2,null,null,,BCR-2,0.082,0.082,,BCR-2,null,null,,BCR-2,22.07,22.07,,BCR-2,6.811,6.811,,BCR-2,4.972,4.972,,BCR-2,1.313,1.313,,BCR-2,25.08,25.08,,BCR-2,0.5049,0.5049,,BCR-2,250.6,250.6,,BCR-2,12.44,12.44,,BCR-2,28.26,28.26,,BCR-2,12.57,12.57,,BCR-2,10.59,10.59,,BCR-2,6.827,6.827,,BCR-2,46.02,46.02,,BCR-2,0.302,0.302,,BCR-2,33.53,33.53,,BCR-2,6.547,6.547,,BCR-2,2.28,2.28,,BCR-2,337.4,337.4,,BCR-2,0.785,0.785,,BCR-2,1.077,1.077,,BCR-2,5.828,5.828,,BCR-2,0.267,0.267,,BCR-2,0.5341,0.5341,,BCR-2,1.683,1.683,,BCR-2,417.6,417.6,,BCR-2,504.7,504.7,,BCR-2,36.07,36.07,,BCR-2,3.392,3.392,,BCR-2,129.5,129.5,,BCR-2,186.8,186.8,,
BE-N,38.22,38.22,,BE-N,2.612,2.612,,BE-N,9.982,9.982,,BE-N,11.43114,11.43114,,BE-N,0.2002,0.2002,,BE-N,13.06,13.06,,BE-N,13.99,13.99,,BE-N,3.218,3.218,,BE-N,1.422,1.422,,BE-N,1.042,1.042,,BE-N,1.91,1.91,,BE-N,1039.0,1039.0,,BE-N,0.01,0.01,,BE-N,153.0,153.0,,BE-N,353.1,353.1,,BE-N,0.729,0.729,,BE-N,68.8,68.8,,BE-N,6.48,6.48,,BE-N,2.605,2.605,,BE-N,3.679,3.679,,BE-N,null,null,,BE-N,null,null,,BE-N,0.064,0.064,,BE-N,null,null,,BE-N,17.2,17.2,,BE-N,10.09,10.09,,BE-N,5.72,5.72,,BE-N,1.084,1.084,,BE-N,82.55,82.55,,BE-N,0.2489,0.2489,,BE-N,2.75,2.75,,BE-N,113.2,113.2,,BE-N,66.35,66.35,,BE-N,269.7,269.7,,BE-N,4.081,4.081,,BE-N,17.39,17.39,,BE-N,47.61,47.61,,BE-N,0.269,0.269,,BE-N,22.55,22.55,,BE-N,12.03,12.03,,BE-N,1.68,1.68,,BE-N,1392.0,1392.0,,BE-N,5.64,5.64,,BE-N,1.303,1.303,,BE-N,10.58,10.58,,BE-N,0.0363,0.0363,,BE-N,0.3216,0.3216,,BE-N,2.44,2.44,,BE-N,231.9,231.9,,BE-N,503.8,503.8,,BE-N,29.44,29.44,,BE-N,1.817,1.817,,BE-N,122.9,122.9,,BE-N,272.9,272.9,,
BHVO-2,49.6,49.6,,BHVO-2,2.731,2.731,,BHVO-2,13.44,13.44,,BHVO-2,11.152,11.152,,BHVO-2,0.169,0.169,,BHVO-2,7.257,7.257,,BHVO-2,11.4,11.4,,BHVO-2,2.219,2.219,,BHVO-2,0.513,0.513,,BHVO-2,0.2685,0.2685,,BHVO-2,0.7,0.7,,BHVO-2,130.9,130.9,,BHVO-2,0.0148,0.0148,,BHVO-2,37.53,37.53,,BHVO-2,287.2,287.2,,BHVO-2,0.0996,0.0996,,BHVO-2,129.3,129.3,,BHVO-2,5.28,5.28,,BHVO-2,2.511,2.511,,BHVO-2,2.043,2.043,,BHVO-2,0.089,0.089,,BHVO-2,0.152,0.152,,BHVO-2,0.18,0.18,,BHVO-2,null,null,,BHVO-2,21.37,21.37,,BHVO-2,6.207,6.207,,BHVO-2,4.47,4.47,,BHVO-2,0.9887,0.9887,,BHVO-2,15.2,15.2,,BHVO-2,0.2754,0.2754,,BHVO-2,4.07,4.07,,BHVO-2,18.1,18.1,,BHVO-2,24.27,24.27,,BHVO-2,119.8,119.8,,BHVO-2,1.653,1.653,,BHVO-2,5.339,5.339,,BHVO-2,9.261,9.261,,BHVO-2,0.1034,0.1034,,BHVO-2,31.83,31.83,,BHVO-2,6.023,6.023,,BHVO-2,1.776,1.776,,BHVO-2,394.1,394.1,,BHVO-2,1.154,1.154,,BHVO-2,0.9392,0.9392,,BHVO-2,1.224,1.224,,BHVO-2,0.0224,0.0224,,BHVO-2,0.3349,0.3349,,BHVO-2,0.412,0.412,,BHVO-2,318.2,318.2,,BHVO-2,425.4,425.4,,BHVO-2,25.91,25.91,,BHVO-2,1.994,1.994,,BHVO-2,103.9,103.9,,BHVO-2,171.2,171.2,,
BIR-1,47.79,47.79,,BIR-1,0.9587,0.9587,,BIR-1,15.51,15.51,,BIR-1,10.261,10.261,,BIR-1,0.1731,0.1731,,BIR-1,9.689,9.689,,BIR-1,13.29,13.29,,BIR-1,1.832,1.832,,BIR-1,0.029,0.029,,BIR-1,0.03,0.03,,BIR-1,0.17,0.17,,BIR-1,6.75,6.75,,BIR-1,0.0051,0.0051,,BIR-1,1.92,1.92,,BIR-1,392.9,392.9,,BIR-1,0.006,0.006,,BIR-1,120.7,120.7,,BIR-1,2.544,2.544,,BIR-1,1.66,1.66,,BIR-1,0.53,0.53,,BIR-1,0.041,0.041,,BIR-1,0.077,0.077,,BIR-1,0.019,0.019,,BIR-1,null,null,,BIR-1,15.46,15.46,,BIR-1,1.87,1.87,,BIR-1,0.582,0.582,,BIR-1,0.56,0.56,,BIR-1,0.627,0.627,,BIR-1,0.25,0.25,,BIR-1,0.068,0.068,,BIR-1,0.553,0.553,,BIR-1,2.397,2.397,,BIR-1,168.9,168.9,,BIR-1,3.037,3.037,,BIR-1,0.37,0.37,,BIR-1,0.21,0.21,,BIR-1,0.46,0.46,,BIR-1,43.21,43.21,,BIR-1,1.113,1.113,,BIR-1,0.701,0.701,,BIR-1,108.6,108.6,,BIR-1,0.0414,0.0414,,BIR-1,0.36,0.36,,BIR-1,0.0328,0.0328,,BIR-1,0.0021,0.0021,,BIR-1,0.25,0.25,,BIR-1,0.01051,0.01051,,BIR-1,320.6,320.6,,BIR-1,474.9,474.9,,BIR-1,15.6,15.6,,BIR-1,1.631,1.631,,BIR-1,70.4,70.4,,BIR-1,14.8,14.8,,
G-2,68.74,68.74,,G-2,0.4799,0.4799,,G-2,15.31,15.31,,G-2,2.37984,2.37984,,G-2,0.0306,0.0306,,G-2,0.754,0.754,,G-2,1.91,1.91,,G-2,4.045,4.045,,G-2,4.5,4.5,,G-2,0.129,0.129,,G-2,0.258,0.258,,G-2,1860.0,1860.0,,G-2,0.034,0.034,,G-2,161.2,161.2,,G-2,7.88,7.88,,G-2,1.357,1.357,,G-2,10.98,10.98,,G-2,2.278,2.278,,G-2,0.927,0.927,,G-2,1.414,1.414,,G-2,0.04,0.04,,G-2,0.08,0.08,,G-2,0.07,0.07,,G-2,null,null,,G-2,23.32,23.32,,G-2,4.23,4.23,,G-2,7.78,7.78,,G-2,0.3725,0.3725,,G-2,88.4,88.4,,G-2,0.1019,0.1019,,G-2,0.38,0.38,,G-2,12.02,12.02,,G-2,53.81,53.81,,G-2,3.46,3.46,,G-2,30.0,30.0,,G-2,16.88,16.88,,G-2,168.5,168.5,,G-2,0.058,0.058,,G-2,3.66,3.66,,G-2,7.19,7.19,,G-2,1.72,1.72,,G-2,474.9,474.9,,G-2,0.834,0.834,,G-2,0.495,0.495,,G-2,24.54,24.54,,G-2,0.884,0.884,,G-2,0.1232,0.1232,,G-2,1.964,1.964,,G-2,35.12,35.12,,G-2,423.2,423.2,,G-2,9.88,9.88,,G-2,0.722,0.722,,G-2,83.5,83.5,,G-2,319.0,319.0,,
GSP-2,66.6,66.6,,GSP-2,0.67,0.67,,GSP-2,14.98,14.98,,GSP-2,4.401,4.401,,GSP-2,0.0413,0.0413,,GSP-2,0.95,0.95,,GSP-2,2.1,2.1,,GSP-2,2.78,2.78,,GSP-2,5.4,5.4,,GSP-2,0.29,0.29,,GSP-2,1.1,1.1,,GSP-2,1340.5,1340.5,,GSP-2,0.0255,0.0255,,GSP-2,438.0,438.0,,GSP-2,20.9,20.9,,GSP-2,1.19,1.19,,GSP-2,44.4,44.4,,GSP-2,5.9,5.9,,GSP-2,2.41,2.41,,GSP-2,2.3,2.3,,GSP-2,null,null,,GSP-2,0.265,0.265,,GSP-2,null,null,,GSP-2,null,null,,GSP-2,23.2,23.2,,GSP-2,12.2,12.2,,GSP-2,15.2,15.2,,GSP-2,0.97,0.97,,GSP-2,186.0,186.0,,GSP-2,0.24,0.24,,GSP-2,2.4,2.4,,GSP-2,26.5,26.5,,GSP-2,207.0,207.0,,GSP-2,17.2,17.2,,GSP-2,47.6,47.6,,GSP-2,55.0,55.0,,GSP-2,242.0,242.0,,GSP-2,0.313,0.313,,GSP-2,6.735,6.735,,GSP-2,26.6,26.6,,GSP-2,5.95,5.95,,GSP-2,240.0,240.0,,GSP-2,0.9,0.9,,GSP-2,1.355,1.355,,GSP-2,110.845,110.845,,GSP-2,1.1,1.1,,GSP-2,0.294,0.294,,GSP-2,2.47,2.47,,GSP-2,52.0,52.0,,GSP-2,431.5,431.5,,GSP-2,26.85,26.85,,GSP-2,1.695,1.695,,GSP-2,113.0,113.0,,GSP-2,564.0,564.0,,
JG-1A,72.29,72.29,,JG-1A,0.25,0.25,,JG-1A,14.18,14.18,,JG-1A,1.79118,1.79118,,JG-1A,0.0586,0.0586,,JG-1A,0.7,0.7,,JG-1A,2.15,2.15,,JG-1A,3.4,3.4,,JG-1A,4.0,4.0,,JG-1A,0.083,0.083,,JG-1A,0.43,0.43,,JG-1A,468.0,468.0,,JG-1A,0.455,0.455,,JG-1A,45.6,45.6,,JG-1A,16.9,16.9,,JG-1A,11.1,11.1,,JG-1A,1.47,1.47,,JG-1A,4.8,4.8,,JG-1A,2.96,2.96,,JG-1A,0.69,0.69,,JG-1A,0.023,0.023,,JG-1A,0.026,0.026,,JG-1A,null,null,,JG-1A,null,null,,JG-1A,17.345,17.345,,JG-1A,4.33,4.33,,JG-1A,3.615,3.615,,JG-1A,0.99,0.99,,JG-1A,21.13,21.13,,JG-1A,0.45,0.45,,JG-1A,0.27,0.27,,JG-1A,11.1,11.1,,JG-1A,19.47,19.47,,JG-1A,6.37,6.37,,JG-1A,25.85,25.85,,JG-1A,5.16,5.16,,JG-1A,178.0,178.0,,JG-1A,0.06,0.06,,JG-1A,6.175,6.175,,JG-1A,4.42,4.42,,JG-1A,4.2,4.2,,JG-1A,180.0,180.0,,JG-1A,1.65,1.65,,JG-1A,0.76,0.76,,JG-1A,13.125,13.125,,JG-1A,0.95,0.95,,JG-1A,0.45,0.45,,JG-1A,4.63,4.63,,JG-1A,23.75,23.75,,JG-1A,477.4,477.4,,JG-1A,30.95,30.95,,JG-1A,3.02,3.02,,JG-1A,37.05,37.05,,JG-1A,118.0,118.0,,
JR-3,72.76,72.76,,JR-3,0.21,0.21,,JR-3,11.9,11.9,,JR-3,4.24842,4.24842,,JR-3,0.083,0.083,,JR-3,0.05,0.05,,JR-3,0.093,0.093,,JR-3,4.69,4.69,,JR-3,4.29,4.29,,JR-3,0.017,0.017,,JR-3,1.1,1.1,,JR-3,65.8,65.8,,JR-3,null,null,,JR-3,319.0,319.0,,JR-3,3.5,3.5,,JR-3,1.0,1.0,,JR-3,null,null,,JR-3,27.8,27.8,,JR-3,18.8,18.8,,JR-3,0.44,0.44,,JR-3,null,null,,JR-3,null,null,,JR-3,null,null,,JR-3,null,null,,JR-3,38.3,38.3,,JR-3,22.6,22.6,,JR-3,40.5,40.5,,JR-3,6.05,6.05,,JR-3,179.0,179.0,,JR-3,2.8,2.8,,JR-3,0.49,0.49,,JR-3,510.0,510.0,,JR-3,107.0,107.0,,JR-3,1.9,1.9,,JR-3,34.5,34.5,,JR-3,33.1,33.1,,JR-3,453.0,453.0,,JR-3,0.17,0.17,,JR-3,1.37,1.37,,JR-3,21.3,21.3,,JR-3,17.4,17.4,,JR-3,10.4,10.4,,JR-3,36.8,36.8,,JR-3,4.29,4.29,,JR-3,112.0,112.0,,JR-3,null,null,,JR-3,2.97,2.97,,JR-3,22.5,22.5,,JR-3,null,null,,JR-3,508.1,508.1,,JR-3,166.0,166.0,,JR-3,19.8,19.8,,JR-3,209.0,209.0,,JR-3,1553.0,1553.0,,
MNS-1,51.89,51.89,,MNS-1,0.346,0.346,,MNS-1,22.53,22.53,,MNS-1,2.36904,2.36904,,MNS-1,0.139,0.139,,MNS-1,0.233,0.233,,MNS-1,2.275,2.275,,MNS-1,6.98,6.98,,MNS-1,9.124,9.124,,MNS-1,0.03966,0.03966,,MNS-1,22.94,22.94,,MNS-1,420.0,420.0,,MNS-1,1.086,1.086,,MNS-1,293.8,293.8,,MNS-1,42.75,42.75,,MNS-1,12.59,12.59,,MNS-1,null,null,,MNS-1,4.2,4.2,,MNS-1,2.13,2.13,,MNS-1,2.55,2.55,,MNS-1,null,null,,MNS-1,null,null,,MNS-1,null,null,,MNS-1,null,null,,MNS-1,21.95,21.95,,MNS-1,7.129,7.129,,MNS-1,10.1,10.1,,MNS-1,0.7574,0.7574,,MNS-1,162.6,162.6,,MNS-1,0.3068,0.3068,,MNS-1,4.2,4.2,,MNS-1,40.52,40.52,,MNS-1,89.36,89.36,,MNS-1,null,null,,MNS-1,115.0,115.0,,MNS-1,28.93,28.93,,MNS-1,192.4,192.4,,MNS-1,2.8,2.8,,MNS-1,null,null,,MNS-1,11.39,11.39,,MNS-1,1.64,1.64,,MNS-1,1714.0,1714.0,,MNS-1,1.883,1.883,,MNS-1,0.87,0.87,,MNS-1,60.43,60.43,,MNS-1,null,null,,MNS-1,0.31,0.31,,MNS-1,13.03,13.03,,MNS-1,27.3,27.3,,MNS-1,391.6,391.6,,MNS-1,25.02,25.02,,MNS-1,2.08,2.08,,MNS-1,96.9,96.9,,MNS-1,589.3,589.3,,
OU-3,74.0902,74.0902,,OU-3,0.224,0.224,,OU-3,11.1078,11.1078,,OU-3,3.45104,3.45104,,OU-3,0.0902,0.0902,,OU-3,null,null,,OU-3,0.2,0.2,,OU-3,3.678,3.678,,OU-3,4.55,4.55,,OU-3,null,null,,OU-3,3.3793,3.3793,,OU-3,28.75,28.75,,OU-3,null,null,,OU-3,196.337,196.337,,OU-3,18.61,18.61,,OU-3,0.667,0.667,,OU-3,3.3,3.3,,OU-3,18.87,18.87,,OU-3,11.45,11.45,,OU-3,1.15,1.15,,OU-3,null,null,,OU-3,0.38,0.38,,OU-3,null,null,,OU-3,null,null,,OU-3,32.11,32.11,,OU-3,18.07,18.07,,OU-3,22.63,22.63,,OU-3,4.01,4.01,,OU-3,94.64,94.64,,OU-3,1.63,1.63,,OU-3,1.975,1.975,,OU-3,80.26,80.26,,OU-3,87.0,87.0,,OU-3,null,null,,OU-3,36.25,36.25,,OU-3,22.7,22.7,,OU-3,171.86,171.86,,OU-3,0.3,0.3,,OU-3,null,null,,OU-3,18.72,18.72,,OU-3,11.45,11.45,,OU-3,11.21,11.21,,OU-3,5.7485,5.7485,,OU-3,3.08,3.08,,OU-3,22.8445,22.8445,,OU-3,0.74,0.74,,OU-3,1.73,1.73,,OU-3,5.5396,5.5396,,OU-3,null,null,,OU-3,423.1,423.1,,OU-3,113.146,113.146,,OU-3,11.3745,11.3745,,OU-3,149.218,149.218,,OU-3,942.79,942.79,,
OU-6,57.35,57.35,,OU-6,0.99,0.99,,OU-6,20.45,20.45,,OU-6,8.0468,8.0468,,OU-6,0.28,0.28,,OU-6,2.41,2.41,,OU-6,0.74,0.74,,OU-6,1.76,1.76,,OU-6,3.03,3.03,,OU-6,0.12,0.12,,OU-6,13.23,13.23,,OU-6,480.0,480.0,,OU-6,null,null,,OU-6,77.1,77.1,,OU-6,70.7,70.7,,OU-6,8.1,8.1,,OU-6,40.4,40.4,,OU-6,5.06,5.06,,OU-6,2.93,2.93,,OU-6,1.36,1.36,,OU-6,null,null,,OU-6,null,null,,OU-6,null,null,,OU-6,null,null,,OU-6,24.17,24.17,,OU-6,5.3,5.3,,OU-6,4.7,4.7,,OU-6,1.04,1.04,,OU-6,33.2,33.2,,OU-6,0.45,0.45,,OU-6,null,null,,OU-6,14.49,14.49,,OU-6,30.2,30.2,,OU-6,40.2,40.2,,OU-6,28.8,28.8,,OU-6,7.91,7.91,,OU-6,121.3,121.3,,OU-6,0.56,0.56,,OU-6,23.1,23.1,,OU-6,6.01,6.01,,OU-6,2.67,2.67,,OU-6,131.7,131.7,,OU-6,1.02,1.02,,OU-6,0.86,0.86,,OU-6,11.3,11.3,,OU-6,0.54,0.54,,OU-6,0.45,0.45,,OU-6,1.92,1.92,,OU-6,129.8,129.8,,OU-6,460.8,460.8,,OU-6,27.75,27.75,,OU-6,2.98,2.98,,OU-6,111.4,111.4,,OU-6,174.2,174.2,,
SARM-44,34.84,34.84,,SARM-44,1.83,1.83,,SARM-44,58.8,58.8,,SARM-44,1.85419,1.85419,,SARM-44,0.03,0.03,,SARM-44,0.1,0.1,,SARM-44,0.14,0.14,,SARM-44,0.05,0.05,,SARM-44,0.18,0.18,,SARM-44,0.1,0.1,,SARM-44,null,null,,SARM-44,38.0,38.0,,SARM-44,null,null,,SARM-44,228.0,228.0,,SARM-44,null,null,,SARM-44,0.82,0.82,,SARM-44,10.0,10.0,,SARM-44,null,null,,SARM-44,null,null,,SARM-44,2.75,2.75,,SARM-44,null,null,,SARM-44,null,null,,SARM-44,null,null,,SARM-44,null,null,,SARM-44,null,null,,SARM-44,null,null,,SARM-44,12.1,12.1,,SARM-44,null,null,,SARM-44,110.9,110.9,,SARM-44,1.22,1.22,,SARM-44,null,null,,SARM-44,null,null,,SARM-44,90.0,90.0,,SARM-44,null,null,,SARM-44,null,null,,SARM-44,null,null,,SARM-44,13.0,13.0,,SARM-44,0.55,0.55,,SARM-44,13.1,13.1,,SARM-44,17.6,17.6,,SARM-44,null,null,,SARM-44,5.0,5.0,,SARM-44,5.36,5.36,,SARM-44,2.05,2.05,,SARM-44,49.1,49.1,,SARM-44,null,null,,SARM-44,null,null,,SARM-44,17.2,17.2,,SARM-44,null,null,,SARM-44,424.2,424.2,,SARM-44,84.0,84.0,,SARM-44,8.1,8.1,,SARM-44,null,null,,SARM-44,406.0,406.0,,
STM-1,59.65,59.65,,STM-1,0.135,0.135,,STM-1,18.39,18.39,,STM-1,4.69847,4.69847,,STM-1,0.21945,0.21945,,STM-1,0.101,0.101,,STM-1,1.09,1.09,,STM-1,8.94,8.94,,STM-1,4.28,4.28,,STM-1,0.158,0.158,,STM-1,4.6,4.6,,STM-1,560.0,560.0,,STM-1,0.13,0.13,,STM-1,259.0,259.0,,STM-1,4.3,4.3,,STM-1,1.5,1.5,,STM-1,4.6,4.6,,STM-1,8.1,8.1,,STM-1,4.2,4.2,,STM-1,3.42,3.42,,STM-1,null,null,,STM-1,0.27,0.27,,STM-1,null,null,,STM-1,null,null,,STM-1,36.0,36.0,,STM-1,9.5,9.5,,STM-1,29.1,29.1,,STM-1,1.5,1.5,,STM-1,151.1,151.1,,STM-1,0.63,0.63,,STM-1,5.2,5.2,,STM-1,249.0,249.0,,STM-1,79.0,79.0,,STM-1,3.0,3.0,,STM-1,17.7,17.7,,STM-1,25.5,25.5,,STM-1,114.0,114.0,,STM-1,1.56,1.56,,STM-1,0.522,0.522,,STM-1,12.3,12.3,,STM-1,6.8,6.8,,STM-1,685.0,685.0,,STM-1,17.5,17.5,,STM-1,1.425,1.425,,STM-1,29.4,29.4,,STM-1,null,null,,STM-1,0.7,0.7,,STM-1,8.8,8.8,,STM-1,8.7,8.7,,STM-1,470.0,470.0,,STM-1,46.0,46.0,,STM-1,4.32,4.32,,STM-1,235.0,235.0,,STM-1,1240.0,1240.0,,
UB-N,39.645,39.645,,UB-N,0.094,0.094,,UB-N,2.9,2.9,,UB-N,7.507,7.507,,UB-N,0.13,0.13,,UB-N,35.37,35.37,,UB-N,1.22,1.22,,UB-N,0.12,0.12,,UB-N,0.02,0.02,,UB-N,0.013,0.013,,UB-N,11.5,11.5,,UB-N,26.365,26.365,,UB-N,0.12,0.12,,UB-N,0.8,0.8,,UB-N,2293.0,2293.0,,UB-N,10.94,10.94,,UB-N,27.0,27.0,,UB-N,0.4235,0.4235,,UB-N,0.281,0.281,,UB-N,0.08,0.08,,UB-N,null,null,,UB-N,0.049,0.049,,UB-N,0.125,0.125,,UB-N,null,null,,UB-N,2.93,2.93,,UB-N,0.3195,0.3195,,UB-N,0.124,0.124,,UB-N,0.0941,0.0941,,UB-N,0.321,0.321,,UB-N,0.048,0.048,,UB-N,0.55,0.55,,UB-N,0.06,0.06,,UB-N,0.6,0.6,,UB-N,1960.0,1960.0,,UB-N,12.8,12.8,,UB-N,0.12,0.12,,UB-N,3.4,3.4,,UB-N,0.185,0.185,,UB-N,13.0,13.0,,UB-N,0.21305,0.21305,,UB-N,0.316,0.316,,UB-N,7.8,7.8,,UB-N,0.02,0.02,,UB-N,0.06,0.06,,UB-N,0.07,0.07,,UB-N,0.047,0.047,,UB-N,0.04395,0.04395,,UB-N,0.058,0.058,,UB-N,70.0,70.0,,UB-N,362.0,362.0,,UB-N,2.5,2.5,,UB-N,0.29,0.29,,UB-N,83.4,83.4,,UB-N,3.8,3.8,,
W-2,52.57,52.57,,W-2,1.064,1.064,,W-2,15.38,15.38,,W-2,9.72097,9.72097,,W-2,0.1658,0.1658,,W-2,6.431,6.431,,W-2,10.91,10.91,,W-2,2.196,2.196,,W-2,0.6242,0.6242,,W-2,0.1362,0.1362,,W-2,1.07,1.07,,W-2,172.8,172.8,,W-2,0.032,0.032,,W-2,23.21,23.21,,W-2,92.0,92.0,,W-2,0.915,0.915,,W-2,105.9,105.9,,W-2,3.806,3.806,,W-2,2.208,2.208,,W-2,1.091,1.091,,W-2,0.07,0.07,,W-2,0.074,0.074,,W-2,0.09,0.09,,W-2,null,null,,W-2,17.88,17.88,,W-2,3.713,3.713,,W-2,2.444,2.444,,W-2,0.7908,0.7908,,W-2,10.63,10.63,,W-2,0.309,0.309,,W-2,0.465,0.465,,W-2,7.51,7.51,,W-2,13.09,13.09,,W-2,72.0,72.0,,W-2,7.83,7.83,,W-2,3.018,3.018,,W-2,20.23,20.23,,W-2,0.809,0.809,,W-2,35.86,35.86,,W-2,3.3,3.3,,W-2,1.92,1.92,,W-2,195.4,195.4,,W-2,0.489,0.489,,W-2,0.627,0.627,,W-2,2.179,2.179,,W-2,0.104,0.104,,W-2,0.3315,0.3315,,W-2,0.5048,0.5048,,W-2,265.8,265.8,,W-2,421.7,421.7,,W-2,21.82,21.82,,W-2,2.054,2.054,,W-2,77.7,77.7,,W-2,92.8,92.8,,


JK-16,63.79,63.79,,JK-16,0.865,0.865,,JK-16,15.49,15.49,,JK-16,5.71,5.71,,JK-16,0.119,0.119,,JK-16,0.99,0.99,,JK-16,3.11,3.11,,JK-16,4.83,4.83,,JK-16,3.18,3.18,,JK-16,0.268,0.268,,JK-16,null,null,,JK-16,671.0,671.0,,JK-16,1.0,1.0,,JK-16,75.0,75.0,,JK-16,11.0,11.0,,JK-16,3.0,3.0,,JK-16,5.0,5.0,,JK-16,7.1,7.1,,JK-16,null,null,,JK-16,null,null,,JK-16,null,null,,JK-16,null,null,,JK-16,null,null,,JK-16,null,null,,JK-16,19.0,19.0,,JK-16,null,null,,JK-16,8.3,8.3,,JK-16,null,null,,JK-16,31.0,31.0,,JK-16,null,null,,JK-16,2.0,2.0,,JK-16,10.0,10.0,,JK-16,42.0,42.0,,JK-16,4.0,4.0,,JK-16,17.0,17.0,,JK-16,null,null,,JK-16,102.0,102.0,,JK-16,null,null,,JK-16,15.5,15.5,,JK-16,8.8,8.8,,JK-16,6.0,6.0,,JK-16,252.0,252.0,,JK-16,2.0,2.0,,JK-16,null,null,,JK-16,10.0,10.0,,JK-16,0.0,0.0,,JK-16,null,null,,JK-16,4.0,4.0,,JK-16,45.0,45.0,,JK-16,null,null,,JK-16,44.0,44.0,,JK-16,3.6,3.6,,JK-16,97.0,97.0,,JK-16,290.0,290.0,,
JK-25,52.31,52.31,,JK-25,0.984,0.984,,JK-25,17.58,17.58,,JK-25,8.37,8.37,,JK-25,0.151,0.151,,JK-25,6.29,6.29,,JK-25,8.29,8.29,,JK-25,3.56,3.56,,JK-25,1.12,1.12,,JK-25,0.237,0.237,,JK-25,null,null,,JK-25,307.0,307.0,,JK-25,1.0,1.0,,JK-25,34.0,34.0,,JK-25,133.0,133.0,,JK-25,0.0,0.0,,JK-25,82.0,82.0,,JK-25,3.4,3.4,,JK-25,null,null,,JK-25,null,null,,JK-25,null,null,,JK-25,null,null,,JK-25,null,null,,JK-25,null,null,,JK-25,18.0,18.0,,JK-25,null,null,,JK-25,2.5,2.5,,JK-25,null,null,,JK-25,14.0,14.0,,JK-25,null,null,,JK-25,1.0,1.0,,JK-25,4.9,4.9,,JK-25,17.0,17.0,,JK-25,81.0,81.0,,JK-25,9.0,9.0,,JK-25,null,null,,JK-25,23.0,23.0,,JK-25,null,null,,JK-25,24.8,24.8,,JK-25,3.9,3.9,,JK-25,1.0,1.0,,JK-25,522.0,522.0,,JK-25,0.0,0.0,,JK-25,null,null,,JK-25,0.0,0.0,,JK-25,1.0,1.0,,JK-25,null,null,,JK-25,1.0,1.0,,JK-25,206.0,206.0,,JK-25,null,null,,JK-25,18.5,18.5,,JK-25,1.8,1.8,,JK-25,85.0,85.0,,JK-25,121.0,121.0,,
PP-17-28,54.79,54.79,,PP-17-28,1.193,1.193,,PP-17-28,17.39,17.39,,PP-17-28,9.13,9.13,,PP-17-28,0.166,0.166,,PP-17-28,3.64,3.64,,PP-17-28,7.21,7.21,,PP-17-28,4.09,4.09,,PP-17-28,1.37,1.37,,PP-17-28,0.259,0.259,,PP-17-28,null,null,,PP-17-28,353.0,353.0,,PP-17-28,0.0,0.0,,PP-17-28,39.0,39.0,,PP-17-28,18.0,18.0,,PP-17-28,0.0,0.0,,PP-17-28,57.0,57.0,,PP-17-28,5.3,5.3,,PP-17-28,null,null,,PP-17-28,null,null,,PP-17-28,null,null,,PP-17-28,null,null,,PP-17-28,null,null,,PP-17-28,null,null,,PP-17-28,19.0,19.0,,PP-17-28,null,null,,PP-17-28,3.7,3.7,,PP-17-28,null,null,,PP-17-28,18.0,18.0,,PP-17-28,null,null,,PP-17-28,1.0,1.0,,PP-17-28,5.2,5.2,,PP-17-28,23.0,23.0,,PP-17-28,11.0,11.0,,PP-17-28,9.0,9.0,,PP-17-28,null,null,,PP-17-28,32.0,32.0,,PP-17-28,null,null,,PP-17-28,27.3,27.3,,PP-17-28,5.4,5.4,,PP-17-28,6.0,6.0,,PP-17-28,439.0,439.0,,PP-17-28,0.0,0.0,,PP-17-28,null,null,,PP-17-28,5.0,5.0,,PP-17-28,2.0,2.0,,PP-17-28,null,null,,PP-17-28,2.0,2.0,,PP-17-28,246.0,246.0,,PP-17-28,null,null,,PP-17-28,30.2,30.2,,PP-17-28,2.2,2.2,,PP-17-28,94.0,94.0,,PP-17-28,147.0,147.0,,
PP-17-29,54.73,54.73,,PP-17-29,1.188,1.188,,PP-17-29,17.31,17.31,,PP-17-29,9.33,9.33,,PP-17-29,0.163,0.163,,PP-17-29,3.56,3.56,,PP-17-29,7.33,7.33,,PP-17-29,4.09,4.09,,PP-17-29,1.37,1.37,,PP-17-29,0.259,0.259,,PP-17-29,null,null,,PP-17-29,348.0,348.0,,PP-17-29,0.0,0.0,,PP-17-29,39.0,39.0,,PP-17-29,14.0,14.0,,PP-17-29,0.0,0.0,,PP-17-29,61.0,61.0,,PP-17-29,5.1,5.1,,PP-17-29,null,null,,PP-17-29,null,null,,PP-17-29,null,null,,PP-17-29,null,null,,PP-17-29,null,null,,PP-17-29,null,null,,PP-17-29,20.0,20.0,,PP-17-29,null,null,,PP-17-29,3.8,3.8,,PP-17-29,null,null,,PP-17-29,17.0,17.0,,PP-17-29,null,null,,PP-17-29,1.0,1.0,,PP-17-29,5.4,5.4,,PP-17-29,24.0,24.0,,PP-17-29,11.0,11.0,,PP-17-29,11.0,11.0,,PP-17-29,null,null,,PP-17-29,31.0,31.0,,PP-17-29,null,null,,PP-17-29,28.0,28.0,,PP-17-29,5.4,5.4,,PP-17-29,2.0,2.0,,PP-17-29,439.0,439.0,,PP-17-29,0.0,0.0,,PP-17-29,null,null,,PP-17-29,4.0,4.0,,PP-17-29,2.0,2.0,,PP-17-29,null,null,,PP-17-29,4.0,4.0,,PP-17-29,250.0,250.0,,PP-17-29,null,null,,PP-17-29,30.1,30.1,,PP-17-29,2.8,2.8,,PP-17-29,95.0,95.0,,PP-17-29,147.0,147.0,,
PP-17-30,69.94,69.94,,PP-17-30,0.583,0.583,,PP-17-30,15.17,15.17,,PP-17-30,2.52,2.52,,PP-17-30,0.086,0.086,,PP-17-30,0.44,0.44,,PP-17-30,1.38,1.38,,PP-17-30,5.12,5.12,,PP-17-30,4.27,4.27,,PP-17-30,0.083,0.083,,PP-17-30,null,null,,PP-17-30,755.0,755.0,,PP-17-30,1.0,1.0,,PP-17-30,73.0,73.0,,PP-17-30,8.0,8.0,,PP-17-30,2.0,2.0,,PP-17-30,1.0,1.0,,PP-17-30,5.5,5.5,,PP-17-30,null,null,,PP-17-30,null,null,,PP-17-30,null,null,,PP-17-30,null,null,,PP-17-30,null,null,,PP-17-30,null,null,,PP-17-30,17.0,17.0,,PP-17-30,null,null,,PP-17-30,8.7,8.7,,PP-17-30,null,null,,PP-17-30,33.0,33.0,,PP-17-30,null,null,,PP-17-30,1.0,1.0,,PP-17-30,11.4,11.4,,PP-17-30,32.0,32.0,,PP-17-30,2.0,2.0,,PP-17-30,20.0,20.0,,PP-17-30,null,null,,PP-17-30,153.0,153.0,,PP-17-30,null,null,,PP-17-30,9.2,9.2,,PP-17-30,6.4,6.4,,PP-17-30,2.0,2.0,,PP-17-30,158.0,158.0,,PP-17-30,2.0,2.0,,PP-17-30,null,null,,PP-17-30,18.0,18.0,,PP-17-30,0.0,0.0,,PP-17-30,null,null,,PP-17-30,5.0,5.0,,PP-17-30,21.0,21.0,,PP-17-30,null,null,,PP-17-30,37.4,37.4,,PP-17-30,3.4,3.4,,PP-17-30,55.0,55.0,,PP-17-30,352.0,352.0,,
PP-17-31,54.77,54.77,,PP-17-31,0.943,0.943,,PP-17-31,18.09,18.09,,PP-17-31,8.07,8.07,,PP-17-31,0.142,0.142,,PP-17-31,4.86,4.86,,PP-17-31,7.87,7.87,,PP-17-31,3.58,3.58,,PP-17-31,1.38,1.38,,PP-17-31,0.216,0.216,,PP-17-31,null,null,,PP-17-31,335.0,335.0,,PP-17-31,0.0,0.0,,PP-17-31,38.0,38.0,,PP-17-31,71.0,71.0,,PP-17-31,0.0,0.0,,PP-17-31,55.0,55.0,,PP-17-31,3.8,3.8,,PP-17-31,null,null,,PP-17-31,null,null,,PP-17-31,null,null,,PP-17-31,null,null,,PP-17-31,null,null,,PP-17-31,null,null,,PP-17-31,20.0,20.0,,PP-17-31,null,null,,PP-17-31,2.8,2.8,,PP-17-31,null,null,,PP-17-31,17.0,17.0,,PP-17-31,null,null,,PP-17-31,0.0,0.0,,PP-17-31,5.6,5.6,,PP-17-31,19.0,19.0,,PP-17-31,37.0,37.0,,PP-17-31,9.0,9.0,,PP-17-31,null,null,,PP-17-31,37.0,37.0,,PP-17-31,null,null,,PP-17-31,26.0,26.0,,PP-17-31,4.3,4.3,,PP-17-31,4.0,4.0,,PP-17-31,478.0,478.0,,PP-17-31,1.0,1.0,,PP-17-31,null,null,,PP-17-31,4.0,4.0,,PP-17-31,2.0,2.0,,PP-17-31,null,null,,PP-17-31,2.0,2.0,,PP-17-31,202.0,202.0,,PP-17-31,null,null,,PP-17-31,20.7,20.7,,PP-17-31,3.0,3.0,,PP-17-31,75.0,75.0,,PP-17-31,126.0,126.0,,
PP-17-32,53.11,53.11,,PP-17-32,1.115,1.115,,PP-17-32,17.28,17.28,,PP-17-32,8.82,8.82,,PP-17-32,0.153,0.153,,PP-17-32,6.06,6.06,,PP-17-32,8.16,8.16,,PP-17-32,3.56,3.56,,PP-17-32,1.29,1.29,,PP-17-32,0.274,0.274,,PP-17-32,null,null,,PP-17-32,329.0,329.0,,PP-17-32,1.0,1.0,,PP-17-32,40.0,40.0,,PP-17-32,137.0,137.0,,PP-17-32,0.0,0.0,,PP-17-32,100.0,100.0,,PP-17-32,4.5,4.5,,PP-17-32,null,null,,PP-17-32,null,null,,PP-17-32,null,null,,PP-17-32,null,null,,PP-17-32,null,null,,PP-17-32,null,null,,PP-17-32,19.0,19.0,,PP-17-32,null,null,,PP-17-32,3.0,3.0,,PP-17-32,null,null,,PP-17-32,18.0,18.0,,PP-17-32,null,null,,PP-17-32,1.0,1.0,,PP-17-32,5.1,5.1,,PP-17-32,21.0,21.0,,PP-17-32,72.0,72.0,,PP-17-32,11.0,11.0,,PP-17-32,null,null,,PP-17-32,33.0,33.0,,PP-17-32,null,null,,PP-17-32,25.3,25.3,,PP-17-32,4.9,4.9,,PP-17-32,4.0,4.0,,PP-17-32,495.0,495.0,,PP-17-32,0.0,0.0,,PP-17-32,null,null,,PP-17-32,3.0,3.0,,PP-17-32,1.0,1.0,,PP-17-32,null,null,,PP-17-32,3.0,3.0,,PP-17-32,229.0,229.0,,PP-17-32,null,null,,PP-17-32,23.9,23.9,,PP-17-32,1.4,1.4,,PP-17-32,91.0,91.0,,PP-17-32,139.0,139.0,,
PP-17-33,53.09,53.09,,PP-17-33,0.976,0.976,,PP-17-33,18.26,18.26,,PP-17-33,8.16,8.16,,PP-17-33,0.148,0.148,,PP-17-33,5.47,5.47,,PP-17-33,8.59,8.59,,PP-17-33,3.73,3.73,,PP-17-33,1.06,1.06,,PP-17-33,0.225,0.225,,PP-17-33,null,null,,PP-17-33,298.0,298.0,,PP-17-33,1.0,1.0,,PP-17-33,31.0,31.0,,PP-17-33,91.0,91.0,,PP-17-33,0.0,0.0,,PP-17-33,85.0,85.0,,PP-17-33,3.2,3.2,,PP-17-33,null,null,,PP-17-33,null,null,,PP-17-33,null,null,,PP-17-33,null,null,,PP-17-33,null,null,,PP-17-33,null,null,,PP-17-33,19.0,19.0,,PP-17-33,null,null,,PP-17-33,2.2,2.2,,PP-17-33,null,null,,PP-17-33,12.0,12.0,,PP-17-33,null,null,,PP-17-33,0.0,0.0,,PP-17-33,4.7,4.7,,PP-17-33,16.0,16.0,,PP-17-33,52.0,52.0,,PP-17-33,8.0,8.0,,PP-17-33,null,null,,PP-17-33,22.0,22.0,,PP-17-33,null,null,,PP-17-33,25.0,25.0,,PP-17-33,3.7,3.7,,PP-17-33,2.0,2.0,,PP-17-33,565.0,565.0,,PP-17-33,0.0,0.0,,PP-17-33,null,null,,PP-17-33,0.0,0.0,,PP-17-33,2.0,2.0,,PP-17-33,null,null,,PP-17-33,2.0,2.0,,PP-17-33,212.0,212.0,,PP-17-33,null,null,,PP-17-33,19.3,19.3,,PP-17-33,1.3,1.3,,PP-17-33,82.0,82.0,,PP-17-33,102.0,102.0,,
PP-17-34,55.31,55.31,,PP-17-34,1.057,1.057,,PP-17-34,17.73,17.73,,PP-17-34,8.23,8.23,,PP-17-34,0.193,0.193,,PP-17-34,2.42,2.42,,PP-17-34,6.83,6.83,,PP-17-34,4.1,4.1,,PP-17-34,1.46,1.46,,PP-17-34,0.227,0.227,,PP-17-34,null,null,,PP-17-34,435.0,435.0,,PP-17-34,1.0,1.0,,PP-17-34,41.0,41.0,,PP-17-34,10.0,10.0,,PP-17-34,0.0,0.0,,PP-17-34,14.0,14.0,,PP-17-34,4.4,4.4,,PP-17-34,null,null,,PP-17-34,null,null,,PP-17-34,null,null,,PP-17-34,null,null,,PP-17-34,null,null,,PP-17-34,null,null,,PP-17-34,20.0,20.0,,PP-17-34,null,null,,PP-17-34,3.5,3.5,,PP-17-34,null,null,,PP-17-34,16.0,16.0,,PP-17-34,null,null,,PP-17-34,2.0,2.0,,PP-17-34,6.1,6.1,,PP-17-34,20.0,20.0,,PP-17-34,5.0,5.0,,PP-17-34,11.0,11.0,,PP-17-34,null,null,,PP-17-34,37.0,37.0,,PP-17-34,null,null,,PP-17-34,23.0,23.0,,PP-17-34,4.8,4.8,,PP-17-34,4.0,4.0,,PP-17-34,462.0,462.0,,PP-17-34,1.0,1.0,,PP-17-34,null,null,,PP-17-34,3.0,3.0,,PP-17-34,1.0,1.0,,PP-17-34,null,null,,PP-17-34,1.0,1.0,,PP-17-34,210.0,210.0,,PP-17-34,null,null,,PP-17-34,25.8,25.8,,PP-17-34,3.0,3.0,,PP-17-34,99.0,99.0,,PP-17-34,140.0,140.0,,
PP-17-35,57.1,57.1,,PP-17-35,1.078,1.078,,PP-17-35,18.13,18.13,,PP-17-35,7.85,7.85,,PP-17-35,0.152,0.152,,PP-17-35,3.33,3.33,,PP-17-35,6.84,6.84,,PP-17-35,4.21,4.21,,PP-17-35,1.54,1.54,,PP-17-35,0.225,0.225,,PP-17-35,null,null,,PP-17-35,437.0,437.0,,PP-17-35,1.0,1.0,,PP-17-35,41.0,41.0,,PP-17-35,9.0,9.0,,PP-17-35,0.0,0.0,,PP-17-35,12.0,12.0,,PP-17-35,4.5,4.5,,PP-17-35,null,null,,PP-17-35,null,null,,PP-17-35,null,null,,PP-17-35,null,null,,PP-17-35,null,null,,PP-17-35,null,null,,PP-17-35,20.0,20.0,,PP-17-35,null,null,,PP-17-35,3.6,3.6,,PP-17-35,null,null,,PP-17-35,19.0,19.0,,PP-17-35,null,null,,PP-17-35,1.0,1.0,,PP-17-35,6.4,6.4,,PP-17-35,25.0,25.0,,PP-17-35,5.0,5.0,,PP-17-35,10.0,10.0,,PP-17-35,null,null,,PP-17-35,40.0,40.0,,PP-17-35,null,null,,PP-17-35,22.4,22.4,,PP-17-35,5.3,5.3,,PP-17-35,1.0,1.0,,PP-17-35,459.0,459.0,,PP-17-35,0.0,0.0,,PP-17-35,null,null,,PP-17-35,3.0,3.0,,PP-17-35,2.0,2.0,,PP-17-35,null,null,,PP-17-35,1.0,1.0,,PP-17-35,217.0,217.0,,PP-17-35,null,null,,PP-17-35,25.6,25.6,,PP-17-35,3.1,3.1,,PP-17-35,94.0,94.0,,PP-17-35,143.0,143.0,,
PP-17-36,54.35,54.35,,PP-17-36,0.991,0.991,,PP-17-36,19.43,19.43,,PP-17-36,7.39,7.39,,PP-17-36,0.134,0.134,,PP-17-36,3.28,3.28,,PP-17-36,8.78,8.78,,PP-17-36,3.87,3.87,,PP-17-36,1.11,1.11,,PP-17-36,0.189,0.189,,PP-17-36,null,null,,PP-17-36,308.0,308.0,,PP-17-36,0.0,0.0,,PP-17-36,27.0,27.0,,PP-17-36,30.0,30.0,,PP-17-36,0.0,0.0,,PP-17-36,38.0,38.0,,PP-17-36,3.5,3.5,,PP-17-36,null,null,,PP-17-36,null,null,,PP-17-36,null,null,,PP-17-36,null,null,,PP-17-36,null,null,,PP-17-36,null,null,,PP-17-36,20.0,20.0,,PP-17-36,null,null,,PP-17-36,2.5,2.5,,PP-17-36,null,null,,PP-17-36,13.0,13.0,,PP-17-36,null,null,,PP-17-36,1.0,1.0,,PP-17-36,4.3,4.3,,PP-17-36,16.0,16.0,,PP-17-36,11.0,11.0,,PP-17-36,8.0,8.0,,PP-17-36,null,null,,PP-17-36,27.0,27.0,,PP-17-36,null,null,,PP-17-36,25.5,25.5,,PP-17-36,3.7,3.7,,PP-17-36,0.0,0.0,,PP-17-36,549.0,549.0,,PP-17-36,2.0,2.0,,PP-17-36,null,null,,PP-17-36,2.0,2.0,,PP-17-36,0.0,0.0,,PP-17-36,null,null,,PP-17-36,0.0,0.0,,PP-17-36,243.0,243.0,,PP-17-36,null,null,,PP-17-36,19.8,19.8,,PP-17-36,2.3,2.3,,PP-17-36,76.0,76.0,,PP-17-36,104.0,104.0,,
PP-17-37,53.65,53.65,,PP-17-37,1.03,1.03,,PP-17-37,17.3,17.3,,PP-17-37,8.09,8.09,,PP-17-37,0.146,0.146,,PP-17-37,6.01,6.01,,PP-17-37,7.98,7.98,,PP-17-37,3.61,3.61,,PP-17-37,1.35,1.35,,PP-17-37,0.256,0.256,,PP-17-37,null,null,,PP-17-37,328.0,328.0,,PP-17-37,0.0,0.0,,PP-17-37,41.0,41.0,,PP-17-37,124.0,124.0,,PP-17-37,1.0,1.0,,PP-17-37,74.0,74.0,,PP-17-37,3.8,3.8,,PP-17-37,null,null,,PP-17-37,null,null,,PP-17-37,null,null,,PP-17-37,null,null,,PP-17-37,null,null,,PP-17-37,null,null,,PP-17-37,18.0,18.0,,PP-17-37,null,null,,PP-17-37,3.4,3.4,,PP-17-37,null,null,,PP-17-37,17.0,17.0,,PP-17-37,null,null,,PP-17-37,2.0,2.0,,PP-17-37,6.4,6.4,,PP-17-37,24.0,24.0,,PP-17-37,66.0,66.0,,PP-17-37,9.0,9.0,,PP-17-37,null,null,,PP-17-37,37.0,37.0,,PP-17-37,null,null,,PP-17-37,25.0,25.0,,PP-17-37,5.0,5.0,,PP-17-37,1.0,1.0,,PP-17-37,485.0,485.0,,PP-17-37,0.0,0.0,,PP-17-37,null,null,,PP-17-37,5.0,5.0,,PP-17-37,3.0,3.0,,PP-17-37,null,null,,PP-17-37,0.0,0.0,,PP-17-37,216.0,216.0,,PP-17-37,null,null,,PP-17-37,21.4,21.4,,PP-17-37,2.6,2.6,,PP-17-37,85.0,85.0,,PP-17-37,139.0,139.0,,
PP-17-38,53.12,53.12,,PP-17-38,1.11,1.11,,PP-17-38,17.39,17.39,,PP-17-38,8.48,8.48,,PP-17-38,0.152,0.152,,PP-17-38,5.96,5.96,,PP-17-38,8.04,8.04,,PP-17-38,3.59,3.59,,PP-17-38,1.3,1.3,,PP-17-38,0.273,0.273,,PP-17-38,null,null,,PP-17-38,329.0,329.0,,PP-17-38,1.0,1.0,,PP-17-38,39.0,39.0,,PP-17-38,133.0,133.0,,PP-17-38,1.0,1.0,,PP-17-38,87.0,87.0,,PP-17-38,4.0,4.0,,PP-17-38,null,null,,PP-17-38,null,null,,PP-17-38,null,null,,PP-17-38,null,null,,PP-17-38,null,null,,PP-17-38,null,null,,PP-17-38,18.0,18.0,,PP-17-38,null,null,,PP-17-38,2.8,2.8,,PP-17-38,null,null,,PP-17-38,16.0,16.0,,PP-17-38,null,null,,PP-17-38,1.0,1.0,,PP-17-38,6.4,6.4,,PP-17-38,20.0,20.0,,PP-17-38,69.0,69.0,,PP-17-38,9.0,9.0,,PP-17-38,null,null,,PP-17-38,35.0,35.0,,PP-17-38,null,null,,PP-17-38,25.0,25.0,,PP-17-38,4.6,4.6,,PP-17-38,0.0,0.0,,PP-17-38,486.0,486.0,,PP-17-38,0.0,0.0,,PP-17-38,null,null,,PP-17-38,3.0,3.0,,PP-17-38,0.0,0.0,,PP-17-38,null,null,,PP-17-38,1.0,1.0,,PP-17-38,219.0,219.0,,PP-17-38,null,null,,PP-17-38,21.7,21.7,,PP-17-38,2.9,2.9,,PP-17-38,88.0,88.0,,PP-17-38,139.0,139.0,,
PP-17-39,53.35,53.35,,PP-17-39,1.126,1.126,,PP-17-39,18.62,18.62,,PP-17-39,7.92,7.92,,PP-17-39,0.14,0.14,,PP-17-39,4.4,4.4,,PP-17-39,8.68,8.68,,PP-17-39,3.72,3.72,,PP-17-39,1.24,1.24,,PP-17-39,0.272,0.272,,PP-17-39,null,null,,PP-17-39,328.0,328.0,,PP-17-39,1.0,1.0,,PP-17-39,41.0,41.0,,PP-17-39,74.0,74.0,,PP-17-39,0.0,0.0,,PP-17-39,79.0,79.0,,PP-17-39,4.2,4.2,,PP-17-39,null,null,,PP-17-39,null,null,,PP-17-39,null,null,,PP-17-39,null,null,,PP-17-39,null,null,,PP-17-39,null,null,,PP-17-39,20.0,20.0,,PP-17-39,null,null,,PP-17-39,3.4,3.4,,PP-17-39,null,null,,PP-17-39,20.0,20.0,,PP-17-39,null,null,,PP-17-39,1.0,1.0,,PP-17-39,5.3,5.3,,PP-17-39,22.0,22.0,,PP-17-39,35.0,35.0,,PP-17-39,9.0,9.0,,PP-17-39,null,null,,PP-17-39,33.0,33.0,,PP-17-39,null,null,,PP-17-39,24.4,24.4,,PP-17-39,4.8,4.8,,PP-17-39,2.0,2.0,,PP-17-39,535.0,535.0,,PP-17-39,0.0,0.0,,PP-17-39,null,null,,PP-17-39,3.0,3.0,,PP-17-39,2.0,2.0,,PP-17-39,null,null,,PP-17-39,2.0,2.0,,PP-17-39,224.0,224.0,,PP-17-39,null,null,,PP-17-39,24.5,24.5,,PP-17-39,3.4,3.4,,PP-17-39,82.0,82.0,,PP-17-39,134.0,134.0,,
PP-17-40,52.53,52.53,,PP-17-40,1.04,1.04,,PP-17-40,17.49,17.49,,PP-17-40,8.53,8.53,,PP-17-40,0.153,0.153,,PP-17-40,6.76,6.76,,PP-17-40,8.33,8.33,,PP-17-40,3.59,3.59,,PP-17-40,1.01,1.01,,PP-17-40,0.229,0.229,,PP-17-40,null,null,,PP-17-40,289.0,289.0,,PP-17-40,0.0,0.0,,PP-17-40,28.0,28.0,,PP-17-40,168.0,168.0,,PP-17-40,0.0,0.0,,PP-17-40,87.0,87.0,,PP-17-40,3.7,3.7,,PP-17-40,null,null,,PP-17-40,null,null,,PP-17-40,null,null,,PP-17-40,null,null,,PP-17-40,null,null,,PP-17-40,null,null,,PP-17-40,19.0,19.0,,PP-17-40,null,null,,PP-17-40,2.0,2.0,,PP-17-40,null,null,,PP-17-40,11.0,11.0,,PP-17-40,null,null,,PP-17-40,1.0,1.0,,PP-17-40,4.7,4.7,,PP-17-40,18.0,18.0,,PP-17-40,87.0,87.0,,PP-17-40,8.0,8.0,,PP-17-40,null,null,,PP-17-40,22.0,22.0,,PP-17-40,null,null,,PP-17-40,23.8,23.8,,PP-17-40,4.3,4.3,,PP-17-40,1.0,1.0,,PP-17-40,551.0,551.0,,PP-17-40,0.0,0.0,,PP-17-40,null,null,,PP-17-40,1.0,1.0,,PP-17-40,1.0,1.0,,PP-17-40,null,null,,PP-17-40,2.0,2.0,,PP-17-40,208.0,208.0,,PP-17-40,null,null,,PP-17-40,19.4,19.4,,PP-17-40,2.0,2.0,,PP-17-40,87.0,87.0,,PP-17-40,104.0,104.0,,
PP-17-41,52.24,52.24,,PP-17-41,0.923,0.923,,PP-17-41,17.59,17.59,,PP-17-41,8.5,8.5,,PP-17-41,0.16,0.16,,PP-17-41,6.77,6.77,,PP-17-41,9.09,9.09,,PP-17-41,3.34,3.34,,PP-17-41,0.89,0.89,,PP-17-41,0.192,0.192,,PP-17-41,null,null,,PP-17-41,256.0,256.0,,PP-17-41,1.0,1.0,,PP-17-41,21.0,21.0,,PP-17-41,161.0,161.0,,PP-17-41,1.0,1.0,,PP-17-41,79.0,79.0,,PP-17-41,3.0,3.0,,PP-17-41,null,null,,PP-17-41,null,null,,PP-17-41,null,null,,PP-17-41,null,null,,PP-17-41,null,null,,PP-17-41,null,null,,PP-17-41,17.0,17.0,,PP-17-41,null,null,,PP-17-41,2.7,2.7,,PP-17-41,null,null,,PP-17-41,8.0,8.0,,PP-17-41,null,null,,PP-17-41,1.0,1.0,,PP-17-41,2.9,2.9,,PP-17-41,14.0,14.0,,PP-17-41,81.0,81.0,,PP-17-41,4.0,4.0,,PP-17-41,null,null,,PP-17-41,15.0,15.0,,PP-17-41,null,null,,PP-17-41,29.5,29.5,,PP-17-41,3.3,3.3,,PP-17-41,0.0,0.0,,PP-17-41,469.0,469.0,,PP-17-41,1.0,1.0,,PP-17-41,null,null,,PP-17-41,0.0,0.0,,PP-17-41,0.0,0.0,,PP-17-41,null,null,,PP-17-41,0.0,0.0,,PP-17-41,223.0,223.0,,PP-17-41,null,null,,PP-17-41,18.8,18.8,,PP-17-41,2.4,2.4,,PP-17-41,80.0,80.0,,PP-17-41,97.0,97.0,,
PP-17-42,52.66,52.66,,PP-17-42,0.983,0.983,,PP-17-42,18.19,18.19,,PP-17-42,8.51,8.51,,PP-17-42,0.154,0.154,,PP-17-42,5.86,5.86,,PP-17-42,8.77,8.77,,PP-17-42,3.51,3.51,,PP-17-42,0.99,0.99,,PP-17-42,0.203,0.203,,PP-17-42,null,null,,PP-17-42,270.0,270.0,,PP-17-42,1.0,1.0,,PP-17-42,27.0,27.0,,PP-17-42,116.0,116.0,,PP-17-42,0.0,0.0,,PP-17-42,95.0,95.0,,PP-17-42,3.6,3.6,,PP-17-42,null,null,,PP-17-42,null,null,,PP-17-42,null,null,,PP-17-42,null,null,,PP-17-42,null,null,,PP-17-42,null,null,,PP-17-42,18.0,18.0,,PP-17-42,null,null,,PP-17-42,2.6,2.6,,PP-17-42,null,null,,PP-17-42,13.0,13.0,,PP-17-42,null,null,,PP-17-42,1.0,1.0,,PP-17-42,3.7,3.7,,PP-17-42,17.0,17.0,,PP-17-42,68.0,68.0,,PP-17-42,10.0,10.0,,PP-17-42,null,null,,PP-17-42,21.0,21.0,,PP-17-42,null,null,,PP-17-42,27.5,27.5,,PP-17-42,4.0,4.0,,PP-17-42,0.0,0.0,,PP-17-42,485.0,485.0,,PP-17-42,0.0,0.0,,PP-17-42,null,null,,PP-17-42,1.0,1.0,,PP-17-42,1.0,1.0,,PP-17-42,null,null,,PP-17-42,1.0,1.0,,PP-17-42,226.0,226.0,,PP-17-42,null,null,,PP-17-42,20.4,20.4,,PP-17-42,1.8,1.8,,PP-17-42,85.0,85.0,,PP-17-42,105.0,105.0,,
PP-17-43,53.77,53.77,,PP-17-43,0.975,0.975,,PP-17-43,18.07,18.07,,PP-17-43,8.24,8.24,,PP-17-43,0.146,0.146,,PP-17-43,5.71,5.71,,PP-17-43,8.41,8.41,,PP-17-43,3.77,3.77,,PP-17-43,1.12,1.12,,PP-17-43,0.232,0.232,,PP-17-43,null,null,,PP-17-43,329.0,329.0,,PP-17-43,2.0,2.0,,PP-17-43,33.0,33.0,,PP-17-43,106.0,106.0,,PP-17-43,0.0,0.0,,PP-17-43,60.0,60.0,,PP-17-43,3.4,3.4,,PP-17-43,null,null,,PP-17-43,null,null,,PP-17-43,null,null,,PP-17-43,null,null,,PP-17-43,null,null,,PP-17-43,null,null,,PP-17-43,19.0,19.0,,PP-17-43,null,null,,PP-17-43,2.6,2.6,,PP-17-43,null,null,,PP-17-43,15.0,15.0,,PP-17-43,null,null,,PP-17-43,1.0,1.0,,PP-17-43,4.6,4.6,,PP-17-43,17.0,17.0,,PP-17-43,63.0,63.0,,PP-17-43,6.0,6.0,,PP-17-43,null,null,,PP-17-43,22.0,22.0,,PP-17-43,null,null,,PP-17-43,24.5,24.5,,PP-17-43,4.0,4.0,,PP-17-43,5.0,5.0,,PP-17-43,549.0,549.0,,PP-17-43,0.0,0.0,,PP-17-43,null,null,,PP-17-43,2.0,2.0,,PP-17-43,0.0,0.0,,PP-17-43,null,null,,PP-17-43,2.0,2.0,,PP-17-43,213.0,213.0,,PP-17-43,null,null,,PP-17-43,17.6,17.6,,PP-17-43,2.3,2.3,,PP-17-43,84.0,84.0,,PP-17-43,114.0,114.0,,
PP-17-44,52.9,52.9,,PP-17-44,0.953,0.953,,PP-17-44,18.11,18.11,,PP-17-44,8.24,8.24,,PP-17-44,0.149,0.149,,PP-17-44,5.95,5.95,,PP-17-44,8.83,8.83,,PP-17-44,3.64,3.64,,PP-17-44,0.93,0.93,,PP-17-44,0.213,0.213,,PP-17-44,null,null,,PP-17-44,276.0,276.0,,PP-17-44,0.0,0.0,,PP-17-44,27.0,27.0,,PP-17-44,124.0,124.0,,PP-17-44,0.0,0.0,,PP-17-44,92.0,92.0,,PP-17-44,3.0,3.0,,PP-17-44,null,null,,PP-17-44,null,null,,PP-17-44,null,null,,PP-17-44,null,null,,PP-17-44,null,null,,PP-17-44,null,null,,PP-17-44,18.0,18.0,,PP-17-44,null,null,,PP-17-44,2.0,2.0,,PP-17-44,null,null,,PP-17-44,11.0,11.0,,PP-17-44,null,null,,PP-17-44,1.0,1.0,,PP-17-44,4.5,4.5,,PP-17-44,17.0,17.0,,PP-17-44,69.0,69.0,,PP-17-44,7.0,7.0,,PP-17-44,null,null,,PP-17-44,16.0,16.0,,PP-17-44,null,null,,PP-17-44,25.9,25.9,,PP-17-44,3.7,3.7,,PP-17-44,4.0,4.0,,PP-17-44,546.0,546.0,,PP-17-44,0.0,0.0,,PP-17-44,null,null,,PP-17-44,2.0,2.0,,PP-17-44,0.0,0.0,,PP-17-44,null,null,,PP-17-44,0.0,0.0,,PP-17-44,224.0,224.0,,PP-17-44,null,null,,PP-17-44,17.1,17.1,,PP-17-44,1.8,1.8,,PP-17-44,79.0,79.0,,PP-17-44,93.0,93.0,,
PP-17-45,54.49,54.49,,PP-17-45,1.064,1.064,,PP-17-45,18.33,18.33,,PP-17-45,7.59,7.59,,PP-17-45,0.142,0.142,,PP-17-45,4.19,4.19,,PP-17-45,8.6,8.6,,PP-17-45,3.68,3.68,,PP-17-45,1.33,1.33,,PP-17-45,0.254,0.254,,PP-17-45,null,null,,PP-17-45,348.0,348.0,,PP-17-45,0.0,0.0,,PP-17-45,43.0,43.0,,PP-17-45,54.0,54.0,,PP-17-45,1.0,1.0,,PP-17-45,59.0,59.0,,PP-17-45,3.6,3.6,,PP-17-45,null,null,,PP-17-45,null,null,,PP-17-45,null,null,,PP-17-45,null,null,,PP-17-45,null,null,,PP-17-45,null,null,,PP-17-45,18.0,18.0,,PP-17-45,null,null,,PP-17-45,3.2,3.2,,PP-17-45,null,null,,PP-17-45,17.0,17.0,,PP-17-45,null,null,,PP-17-45,0.0,0.0,,PP-17-45,6.4,6.4,,PP-17-45,23.0,23.0,,PP-17-45,22.0,22.0,,PP-17-45,11.0,11.0,,PP-17-45,null,null,,PP-17-45,37.0,37.0,,PP-17-45,null,null,,PP-17-45,25.5,25.5,,PP-17-45,4.8,4.8,,PP-17-45,0.0,0.0,,PP-17-45,515.0,515.0,,PP-17-45,0.0,0.0,,PP-17-45,null,null,,PP-17-45,4.0,4.0,,PP-17-45,2.0,2.0,,PP-17-45,null,null,,PP-17-45,1.0,1.0,,PP-17-45,224.0,224.0,,PP-17-45,null,null,,PP-17-45,21.8,21.8,,PP-17-45,1.8,1.8,,PP-17-45,81.0,81.0,,PP-17-45,134.0,134.0,,
PP-17-46,54.53,54.53,,PP-17-46,1.069,1.069,,PP-17-46,18.04,18.04,,PP-17-46,7.84,7.84,,PP-17-46,0.141,0.141,,PP-17-46,4.65,4.65,,PP-17-46,8.37,8.37,,PP-17-46,3.79,3.79,,PP-17-46,1.31,1.31,,PP-17-46,0.265,0.265,,PP-17-46,null,null,,PP-17-46,357.0,357.0,,PP-17-46,1.0,1.0,,PP-17-46,39.0,39.0,,PP-17-46,80.0,80.0,,PP-17-46,0.0,0.0,,PP-17-46,55.0,55.0,,PP-17-46,4.0,4.0,,PP-17-46,null,null,,PP-17-46,null,null,,PP-17-46,null,null,,PP-17-46,null,null,,PP-17-46,null,null,,PP-17-46,null,null,,PP-17-46,20.0,20.0,,PP-17-46,null,null,,PP-17-46,3.6,3.6,,PP-17-46,null,null,,PP-17-46,17.0,17.0,,PP-17-46,null,null,,PP-17-46,1.0,1.0,,PP-17-46,7.1,7.1,,PP-17-46,22.0,22.0,,PP-17-46,29.0,29.0,,PP-17-46,7.0,7.0,,PP-17-46,null,null,,PP-17-46,30.0,30.0,,PP-17-46,null,null,,PP-17-46,26.5,26.5,,PP-17-46,5.0,5.0,,PP-17-46,2.0,2.0,,PP-17-46,554.0,554.0,,PP-17-46,0.0,0.0,,PP-17-46,null,null,,PP-17-46,2.0,2.0,,PP-17-46,0.0,0.0,,PP-17-46,null,null,,PP-17-46,0.0,0.0,,PP-17-46,221.0,221.0,,PP-17-46,null,null,,PP-17-46,20.6,20.6,,PP-17-46,3.1,3.1,,PP-17-46,81.0,81.0,,PP-17-46,133.0,133.0,,
PP-17-47,53.07,53.07,,PP-17-47,0.987,0.987,,PP-17-47,17.57,17.57,,PP-17-47,8.92,8.92,,PP-17-47,0.162,0.162,,PP-17-47,5.79,5.79,,PP-17-47,7.74,7.74,,PP-17-47,3.62,3.62,,PP-17-47,1.14,1.14,,PP-17-47,0.227,0.227,,PP-17-47,null,null,,PP-17-47,296.0,296.0,,PP-17-47,1.0,1.0,,PP-17-47,43.0,43.0,,PP-17-47,77.0,77.0,,PP-17-47,0.0,0.0,,PP-17-47,69.0,69.0,,PP-17-47,4.9,4.9,,PP-17-47,null,null,,PP-17-47,null,null,,PP-17-47,null,null,,PP-17-47,null,null,,PP-17-47,null,null,,PP-17-47,null,null,,PP-17-47,19.0,19.0,,PP-17-47,null,null,,PP-17-47,3.1,3.1,,PP-17-47,null,null,,PP-17-47,17.0,17.0,,PP-17-47,null,null,,PP-17-47,1.0,1.0,,PP-17-47,4.8,4.8,,PP-17-47,26.0,26.0,,PP-17-47,59.0,59.0,,PP-17-47,7.0,7.0,,PP-17-47,null,null,,PP-17-47,26.0,26.0,,PP-17-47,null,null,,PP-17-47,24.9,24.9,,PP-17-47,5.9,5.9,,PP-17-47,0.0,0.0,,PP-17-47,475.0,475.0,,PP-17-47,0.0,0.0,,PP-17-47,null,null,,PP-17-47,0.0,0.0,,PP-17-47,1.0,1.0,,PP-17-47,null,null,,PP-17-47,2.0,2.0,,PP-17-47,218.0,218.0,,PP-17-47,null,null,,PP-17-47,28.6,28.6,,PP-17-47,3.4,3.4,,PP-17-47,91.0,91.0,,PP-17-47,122.0,122.0,,
PP-17-48,53.56,53.56,,PP-17-48,0.873,0.873,,PP-17-48,16.99,16.99,,PP-17-48,8.12,8.12,,PP-17-48,0.156,0.156,,PP-17-48,6.09,6.09,,PP-17-48,8.12,8.12,,PP-17-48,3.47,3.47,,PP-17-48,1.19,1.19,,PP-17-48,0.191,0.191,,PP-17-48,null,null,,PP-17-48,293.0,293.0,,PP-17-48,2.0,2.0,,PP-17-48,31.0,31.0,,PP-17-48,150.0,150.0,,PP-17-48,0.0,0.0,,PP-17-48,73.0,73.0,,PP-17-48,3.2,3.2,,PP-17-48,null,null,,PP-17-48,null,null,,PP-17-48,null,null,,PP-17-48,null,null,,PP-17-48,null,null,,PP-17-48,null,null,,PP-17-48,19.0,19.0,,PP-17-48,null,null,,PP-17-48,2.1,2.1,,PP-17-48,null,null,,PP-17-48,14.0,14.0,,PP-17-48,null,null,,PP-17-48,1.0,1.0,,PP-17-48,4.4,4.4,,PP-17-48,19.0,19.0,,PP-17-48,80.0,80.0,,PP-17-48,10.0,10.0,,PP-17-48,null,null,,PP-17-48,31.0,31.0,,PP-17-48,null,null,,PP-17-48,26.4,26.4,,PP-17-48,4.1,4.1,,PP-17-48,3.0,3.0,,PP-17-48,487.0,487.0,,PP-17-48,0.0,0.0,,PP-17-48,null,null,,PP-17-48,2.0,2.0,,PP-17-48,3.0,3.0,,PP-17-48,null,null,,PP-17-48,0.0,0.0,,PP-17-48,199.0,199.0,,PP-17-48,null,null,,PP-17-48,18.5,18.5,,PP-17-48,2.5,2.5,,PP-17-48,80.0,80.0,,PP-17-48,107.0,107.0,,
PP-17-49,54.87,54.87,,PP-17-49,0.921,0.921,,PP-17-49,18.24,18.24,,PP-17-49,8.1,8.1,,PP-17-49,0.154,0.154,,PP-17-49,4.26,4.26,,PP-17-49,7.4,7.4,,PP-17-49,3.8,3.8,,PP-17-49,1.49,1.49,,PP-17-49,0.215,0.215,,PP-17-49,null,null,,PP-17-49,345.0,345.0,,PP-17-49,0.0,0.0,,PP-17-49,38.0,38.0,,PP-17-49,23.0,23.0,,PP-17-49,0.0,0.0,,PP-17-49,60.0,60.0,,PP-17-49,4.5,4.5,,PP-17-49,null,null,,PP-17-49,null,null,,PP-17-49,null,null,,PP-17-49,null,null,,PP-17-49,null,null,,PP-17-49,null,null,,PP-17-49,19.0,19.0,,PP-17-49,null,null,,PP-17-49,3.3,3.3,,PP-17-49,null,null,,PP-17-49,20.0,20.0,,PP-17-49,null,null,,PP-17-49,0.0,0.0,,PP-17-49,3.5,3.5,,PP-17-49,23.0,23.0,,PP-17-49,31.0,31.0,,PP-17-49,8.0,8.0,,PP-17-49,null,null,,PP-17-49,42.0,42.0,,PP-17-49,null,null,,PP-17-49,23.4,23.4,,PP-17-49,4.9,4.9,,PP-17-49,1.0,1.0,,PP-17-49,445.0,445.0,,PP-17-49,0.0,0.0,,PP-17-49,null,null,,PP-17-49,4.0,4.0,,PP-17-49,0.0,0.0,,PP-17-49,null,null,,PP-17-49,2.0,2.0,,PP-17-49,192.0,192.0,,PP-17-49,null,null,,PP-17-49,28.6,28.6,,PP-17-49,2.5,2.5,,PP-17-49,85.0,85.0,,PP-17-49,134.0,134.0,,
PP-17-50,53.17,53.17,,PP-17-50,0.869,0.869,,PP-17-50,17.42,17.42,,PP-17-50,8.52,8.52,,PP-17-50,0.149,0.149,,PP-17-50,6.79,6.79,,PP-17-50,8.83,8.83,,PP-17-50,3.26,3.26,,PP-17-50,0.99,0.99,,PP-17-50,0.171,0.171,,PP-17-50,null,null,,PP-17-50,265.0,265.0,,PP-17-50,2.0,2.0,,PP-17-50,24.0,24.0,,PP-17-50,189.0,189.0,,PP-17-50,0.0,0.0,,PP-17-50,56.0,56.0,,PP-17-50,3.3,3.3,,PP-17-50,null,null,,PP-17-50,null,null,,PP-17-50,null,null,,PP-17-50,null,null,,PP-17-50,null,null,,PP-17-50,null,null,,PP-17-50,18.0,18.0,,PP-17-50,null,null,,PP-17-50,1.7,1.7,,PP-17-50,null,null,,PP-17-50,12.0,12.0,,PP-17-50,null,null,,PP-17-50,0.0,0.0,,PP-17-50,3.0,3.0,,PP-17-50,16.0,16.0,,PP-17-50,83.0,83.0,,PP-17-50,4.0,4.0,,PP-17-50,null,null,,PP-17-50,25.0,25.0,,PP-17-50,null,null,,PP-17-50,29.7,29.7,,PP-17-50,3.7,3.7,,PP-17-50,7.0,7.0,,PP-17-50,466.0,466.0,,PP-17-50,0.0,0.0,,PP-17-50,null,null,,PP-17-50,3.0,3.0,,PP-17-50,0.0,0.0,,PP-17-50,null,null,,PP-17-50,1.0,1.0,,PP-17-50,214.0,214.0,,PP-17-50,null,null,,PP-17-50,18.7,18.7,,PP-17-50,1.7,1.7,,PP-17-50,79.0,79.0,,PP-17-50,87.0,87.0,,
PP-17-51,57.54,57.54,,PP-17-51,1.207,1.207,,PP-17-51,16.89,16.89,,PP-17-51,8.08,8.08,,PP-17-51,0.167,0.167,,PP-17-51,2.46,2.46,,PP-17-51,5.4,5.4,,PP-17-51,4.56,4.56,,PP-17-51,2.12,2.12,,PP-17-51,0.324,0.324,,PP-17-51,null,null,,PP-17-51,490.0,490.0,,PP-17-51,0.0,0.0,,PP-17-51,55.0,55.0,,PP-17-51,7.0,7.0,,PP-17-51,1.0,1.0,,PP-17-51,8.0,8.0,,PP-17-51,6.5,6.5,,PP-17-51,null,null,,PP-17-51,null,null,,PP-17-51,null,null,,PP-17-51,null,null,,PP-17-51,null,null,,PP-17-51,null,null,,PP-17-51,20.0,20.0,,PP-17-51,null,null,,PP-17-51,5.1,5.1,,PP-17-51,null,null,,PP-17-51,25.0,25.0,,PP-17-51,null,null,,PP-17-51,2.0,2.0,,PP-17-51,6.7,6.7,,PP-17-51,30.0,30.0,,PP-17-51,5.0,5.0,,PP-17-51,16.0,16.0,,PP-17-51,null,null,,PP-17-51,66.0,66.0,,PP-17-51,null,null,,PP-17-51,23.8,23.8,,PP-17-51,6.8,6.8,,PP-17-51,2.0,2.0,,PP-17-51,387.0,387.0,,PP-17-51,1.0,1.0,,PP-17-51,null,null,,PP-17-51,6.0,6.0,,PP-17-51,1.0,1.0,,PP-17-51,null,null,,PP-17-51,2.0,2.0,,PP-17-51,137.0,137.0,,PP-17-51,null,null,,PP-17-51,39.6,39.6,,PP-17-51,4.3,4.3,,PP-17-51,117.0,117.0,,PP-17-51,199.0,199.0,,
PP-17-52,53.02,53.02,,PP-17-52,0.859,0.859,,PP-17-52,17.99,17.99,,PP-17-52,8.2,8.2,,PP-17-52,0.142,0.142,,PP-17-52,5.44,5.44,,PP-17-52,8.04,8.04,,PP-17-52,3.31,3.31,,PP-17-52,1.3,1.3,,PP-17-52,0.163,0.163,,PP-17-52,null,null,,PP-17-52,296.0,296.0,,PP-17-52,3.0,3.0,,PP-17-52,22.0,22.0,,PP-17-52,56.0,56.0,,PP-17-52,1.0,1.0,,PP-17-52,61.0,61.0,,PP-17-52,3.0,3.0,,PP-17-52,null,null,,PP-17-52,null,null,,PP-17-52,null,null,,PP-17-52,null,null,,PP-17-52,null,null,,PP-17-52,null,null,,PP-17-52,18.0,18.0,,PP-17-52,null,null,,PP-17-52,1.7,1.7,,PP-17-52,null,null,,PP-17-52,12.0,12.0,,PP-17-52,null,null,,PP-17-52,1.0,1.0,,PP-17-52,2.9,2.9,,PP-17-52,13.0,13.0,,PP-17-52,43.0,43.0,,PP-17-52,8.0,8.0,,PP-17-52,null,null,,PP-17-52,43.0,43.0,,PP-17-52,null,null,,PP-17-52,26.6,26.6,,PP-17-52,3.0,3.0,,PP-17-52,2.0,2.0,,PP-17-52,433.0,433.0,,PP-17-52,0.0,0.0,,PP-17-52,null,null,,PP-17-52,3.0,3.0,,PP-17-52,1.0,1.0,,PP-17-52,null,null,,PP-17-52,3.0,3.0,,PP-17-52,210.0,210.0,,PP-17-52,null,null,,PP-17-52,19.5,19.5,,PP-17-52,2.3,2.3,,PP-17-52,81.0,81.0,,PP-17-52,89.0,89.0,,
PP-17-53,52.94,52.94,,PP-17-53,1.008,1.008,,PP-17-53,17.93,17.93,,PP-17-53,8.7,8.7,,PP-17-53,0.152,0.152,,PP-17-53,6.31,6.31,,PP-17-53,8.85,8.85,,PP-17-53,3.53,3.53,,PP-17-53,1.04,1.04,,PP-17-53,0.228,0.228,,PP-17-53,null,null,,PP-17-53,292.0,292.0,,PP-17-53,0.0,0.0,,PP-17-53,34.0,34.0,,PP-17-53,129.0,129.0,,PP-17-53,0.0,0.0,,PP-17-53,85.0,85.0,,PP-17-53,3.1,3.1,,PP-17-53,null,null,,PP-17-53,null,null,,PP-17-53,null,null,,PP-17-53,null,null,,PP-17-53,null,null,,PP-17-53,null,null,,PP-17-53,19.0,19.0,,PP-17-53,null,null,,PP-17-53,1.9,1.9,,PP-17-53,null,null,,PP-17-53,12.0,12.0,,PP-17-53,null,null,,PP-17-53,1.0,1.0,,PP-17-53,5.0,5.0,,PP-17-53,17.0,17.0,,PP-17-53,66.0,66.0,,PP-17-53,6.0,6.0,,PP-17-53,null,null,,PP-17-53,22.0,22.0,,PP-17-53,null,null,,PP-17-53,26.7,26.7,,PP-17-53,4.0,4.0,,PP-17-53,4.0,4.0,,PP-17-53,546.0,546.0,,PP-17-53,0.0,0.0,,PP-17-53,null,null,,PP-17-53,2.0,2.0,,PP-17-53,0.0,0.0,,PP-17-53,null,null,,PP-17-53,2.0,2.0,,PP-17-53,220.0,220.0,,PP-17-53,null,null,,PP-17-53,17.5,17.5,,PP-17-53,1.9,1.9,,PP-17-53,81.0,81.0,,PP-17-53,112.0,112.0,,
PP-17-54,52.33,52.33,,PP-17-54,0.949,0.949,,PP-17-54,17.88,17.88,,PP-17-54,8.49,8.49,,PP-17-54,0.153,0.153,,PP-17-54,6.43,6.43,,PP-17-54,8.53,8.53,,PP-17-54,3.45,3.45,,PP-17-54,0.99,0.99,,PP-17-54,0.211,0.211,,PP-17-54,null,null,,PP-17-54,278.0,278.0,,PP-17-54,1.0,1.0,,PP-17-54,26.0,26.0,,PP-17-54,126.0,126.0,,PP-17-54,2.0,2.0,,PP-17-54,76.0,76.0,,PP-17-54,3.4,3.4,,PP-17-54,null,null,,PP-17-54,null,null,,PP-17-54,null,null,,PP-17-54,null,null,,PP-17-54,null,null,,PP-17-54,null,null,,PP-17-54,18.0,18.0,,PP-17-54,null,null,,PP-17-54,2.0,2.0,,PP-17-54,null,null,,PP-17-54,12.0,12.0,,PP-17-54,null,null,,PP-17-54,0.0,0.0,,PP-17-54,3.2,3.2,,PP-17-54,15.0,15.0,,PP-17-54,77.0,77.0,,PP-17-54,7.0,7.0,,PP-17-54,null,null,,PP-17-54,20.0,20.0,,PP-17-54,null,null,,PP-17-54,26.6,26.6,,PP-17-54,3.6,3.6,,PP-17-54,5.0,5.0,,PP-17-54,504.0,504.0,,PP-17-54,0.0,0.0,,PP-17-54,null,null,,PP-17-54,1.0,1.0,,PP-17-54,0.0,0.0,,PP-17-54,null,null,,PP-17-54,0.0,0.0,,PP-17-54,212.0,212.0,,PP-17-54,null,null,,PP-17-54,18.8,18.8,,PP-17-54,2.0,2.0,,PP-17-54,83.0,83.0,,PP-17-54,102.0,102.0,,
PP-17-55,53.74,53.74,,PP-17-55,1.094,1.094,,PP-17-55,17.67,17.67,,PP-17-55,8.04,8.04,,PP-17-55,0.148,0.148,,PP-17-55,5.24,5.24,,PP-17-55,8.37,8.37,,PP-17-55,3.54,3.54,,PP-17-55,1.33,1.33,,PP-17-55,0.267,0.267,,PP-17-55,null,null,,PP-17-55,342.0,342.0,,PP-17-55,2.0,2.0,,PP-17-55,39.0,39.0,,PP-17-55,102.0,102.0,,PP-17-55,0.0,0.0,,PP-17-55,57.0,57.0,,PP-17-55,3.9,3.9,,PP-17-55,null,null,,PP-17-55,null,null,,PP-17-55,null,null,,PP-17-55,null,null,,PP-17-55,null,null,,PP-17-55,null,null,,PP-17-55,20.0,20.0,,PP-17-55,null,null,,PP-17-55,3.3,3.3,,PP-17-55,null,null,,PP-17-55,16.0,16.0,,PP-17-55,null,null,,PP-17-55,2.0,2.0,,PP-17-55,5.4,5.4,,PP-17-55,21.0,21.0,,PP-17-55,37.0,37.0,,PP-17-55,9.0,9.0,,PP-17-55,null,null,,PP-17-55,36.0,36.0,,PP-17-55,null,null,,PP-17-55,25.6,25.6,,PP-17-55,4.7,4.7,,PP-17-55,1.0,1.0,,PP-17-55,497.0,497.0,,PP-17-55,1.0,1.0,,PP-17-55,null,null,,PP-17-55,3.0,3.0,,PP-17-55,1.0,1.0,,PP-17-55,null,null,,PP-17-55,1.0,1.0,,PP-17-55,221.0,221.0,,PP-17-55,null,null,,PP-17-55,22.5,22.5,,PP-17-55,2.9,2.9,,PP-17-55,85.0,85.0,,PP-17-55,141.0,141.0,,
PP-17-56,52.33,52.33,,PP-17-56,1.115,1.115,,PP-17-56,17.96,17.96,,PP-17-56,8.66,8.66,,PP-17-56,0.157,0.157,,PP-17-56,5.59,5.59,,PP-17-56,8.08,8.08,,PP-17-56,3.6,3.6,,PP-17-56,1.18,1.18,,PP-17-56,0.27,0.27,,PP-17-56,null,null,,PP-17-56,362.0,362.0,,PP-17-56,2.0,2.0,,PP-17-56,42.0,42.0,,PP-17-56,80.0,80.0,,PP-17-56,0.0,0.0,,PP-17-56,103.0,103.0,,PP-17-56,4.1,4.1,,PP-17-56,null,null,,PP-17-56,null,null,,PP-17-56,null,null,,PP-17-56,null,null,,PP-17-56,null,null,,PP-17-56,null,null,,PP-17-56,19.0,19.0,,PP-17-56,null,null,,PP-17-56,4.0,4.0,,PP-17-56,null,null,,PP-17-56,20.0,20.0,,PP-17-56,null,null,,PP-17-56,1.0,1.0,,PP-17-56,6.2,6.2,,PP-17-56,23.0,23.0,,PP-17-56,61.0,61.0,,PP-17-56,10.0,10.0,,PP-17-56,null,null,,PP-17-56,28.0,28.0,,PP-17-56,null,null,,PP-17-56,24.4,24.4,,PP-17-56,4.8,4.8,,PP-17-56,4.0,4.0,,PP-17-56,511.0,511.0,,PP-17-56,1.0,1.0,,PP-17-56,null,null,,PP-17-56,3.0,3.0,,PP-17-56,1.0,1.0,,PP-17-56,null,null,,PP-17-56,1.0,1.0,,PP-17-56,221.0,221.0,,PP-17-56,null,null,,PP-17-56,24.7,24.7,,PP-17-56,1.4,1.4,,PP-17-56,92.0,92.0,,PP-17-56,143.0,143.0,,
PP-17-57,53.17,53.17,,PP-17-57,1.176,1.176,,PP-17-57,17.1,17.1,,PP-17-57,8.7,8.7,,PP-17-57,0.154,0.154,,PP-17-57,6.28,6.28,,PP-17-57,7.91,7.91,,PP-17-57,3.58,3.58,,PP-17-57,1.35,1.35,,PP-17-57,0.299,0.299,,PP-17-57,null,null,,PP-17-57,348.0,348.0,,PP-17-57,0.0,0.0,,PP-17-57,44.0,44.0,,PP-17-57,170.0,170.0,,PP-17-57,2.0,2.0,,PP-17-57,102.0,102.0,,PP-17-57,4.2,4.2,,PP-17-57,null,null,,PP-17-57,null,null,,PP-17-57,null,null,,PP-17-57,null,null,,PP-17-57,null,null,,PP-17-57,null,null,,PP-17-57,19.0,19.0,,PP-17-57,null,null,,PP-17-57,3.6,3.6,,PP-17-57,null,null,,PP-17-57,22.0,22.0,,PP-17-57,null,null,,PP-17-57,1.0,1.0,,PP-17-57,6.9,6.9,,PP-17-57,24.0,24.0,,PP-17-57,81.0,81.0,,PP-17-57,10.0,10.0,,PP-17-57,null,null,,PP-17-57,37.0,37.0,,PP-17-57,null,null,,PP-17-57,25.9,25.9,,PP-17-57,5.1,5.1,,PP-17-57,3.0,3.0,,PP-17-57,506.0,506.0,,PP-17-57,0.0,0.0,,PP-17-57,null,null,,PP-17-57,4.0,4.0,,PP-17-57,0.0,0.0,,PP-17-57,null,null,,PP-17-57,2.0,2.0,,PP-17-57,222.0,222.0,,PP-17-57,null,null,,PP-17-57,23.2,23.2,,PP-17-57,1.6,1.6,,PP-17-57,91.0,91.0,,PP-17-57,152.0,152.0,,
PP-17-58,59.33,59.33,,PP-17-58,0.769,0.769,,PP-17-58,17.58,17.58,,PP-17-58,5.8,5.8,,PP-17-58,0.113,0.113,,PP-17-58,2.65,2.65,,PP-17-58,5.4,5.4,,PP-17-58,4.76,4.76,,PP-17-58,2.31,2.31,,PP-17-58,0.238,0.238,,PP-17-58,null,null,,PP-17-58,469.0,469.0,,PP-17-58,1.0,1.0,,PP-17-58,53.0,53.0,,PP-17-58,34.0,34.0,,PP-17-58,2.0,2.0,,PP-17-58,75.0,75.0,,PP-17-58,4.1,4.1,,PP-17-58,null,null,,PP-17-58,null,null,,PP-17-58,null,null,,PP-17-58,null,null,,PP-17-58,null,null,,PP-17-58,null,null,,PP-17-58,19.0,19.0,,PP-17-58,null,null,,PP-17-58,6.8,6.8,,PP-17-58,null,null,,PP-17-58,25.0,25.0,,PP-17-58,null,null,,PP-17-58,0.0,0.0,,PP-17-58,5.8,5.8,,PP-17-58,26.0,26.0,,PP-17-58,19.0,19.0,,PP-17-58,20.0,20.0,,PP-17-58,null,null,,PP-17-58,77.0,77.0,,PP-17-58,null,null,,PP-17-58,16.4,16.4,,PP-17-58,5.3,5.3,,PP-17-58,5.0,5.0,,PP-17-58,473.0,473.0,,PP-17-58,1.0,1.0,,PP-17-58,null,null,,PP-17-58,16.0,16.0,,PP-17-58,0.0,0.0,,PP-17-58,null,null,,PP-17-58,4.0,4.0,,PP-17-58,158.0,158.0,,PP-17-58,null,null,,PP-17-58,23.7,23.7,,PP-17-58,2.6,2.6,,PP-17-58,78.0,78.0,,PP-17-58,297.0,297.0,,
PP-17-59,52.73,52.73,,PP-17-59,1.082,1.082,,PP-17-59,18.01,18.01,,PP-17-59,8.4,8.4,,PP-17-59,0.151,0.151,,PP-17-59,5.84,5.84,,PP-17-59,8.51,8.51,,PP-17-59,3.67,3.67,,PP-17-59,1.22,1.22,,PP-17-59,0.238,0.238,,PP-17-59,null,null,,PP-17-59,329.0,329.0,,PP-17-59,0.0,0.0,,PP-17-59,34.0,34.0,,PP-17-59,90.0,90.0,,PP-17-59,0.0,0.0,,PP-17-59,49.0,49.0,,PP-17-59,3.4,3.4,,PP-17-59,null,null,,PP-17-59,null,null,,PP-17-59,null,null,,PP-17-59,null,null,,PP-17-59,null,null,,PP-17-59,null,null,,PP-17-59,19.0,19.0,,PP-17-59,null,null,,PP-17-59,2.6,2.6,,PP-17-59,null,null,,PP-17-59,16.0,16.0,,PP-17-59,null,null,,PP-17-59,0.0,0.0,,PP-17-59,6.3,6.3,,PP-17-59,20.0,20.0,,PP-17-59,56.0,56.0,,PP-17-59,11.0,11.0,,PP-17-59,null,null,,PP-17-59,27.0,27.0,,PP-17-59,null,null,,PP-17-59,25.4,25.4,,PP-17-59,4.2,4.2,,PP-17-59,3.0,3.0,,PP-17-59,568.0,568.0,,PP-17-59,0.0,0.0,,PP-17-59,null,null,,PP-17-59,2.0,2.0,,PP-17-59,2.0,2.0,,PP-17-59,null,null,,PP-17-59,1.0,1.0,,PP-17-59,228.0,228.0,,PP-17-59,null,null,,PP-17-59,18.7,18.7,,PP-17-59,1.9,1.9,,PP-17-59,83.0,83.0,,PP-17-59,121.0,121.0,,
PP-17-44 R,52.9,52.9,,PP-17-44 R,0.951,0.951,,PP-17-44 R,18.13,18.13,,PP-17-44 R,8.36,8.36,,PP-17-44 R,0.149,0.149,,PP-17-44 R,5.95,5.95,,PP-17-44 R,8.82,8.82,,PP-17-44 R,3.64,3.64,,PP-17-44 R,0.93,0.93,,PP-17-44 R,0.212,0.212,,PP-17-44 R,null,null,,PP-17-44 R,276.0,276.0,,PP-17-44 R,1.0,1.0,,PP-17-44 R,25.0,25.0,,PP-17-44 R,123.0,123.0,,PP-17-44 R,0.0,0.0,,PP-17-44 R,93.0,93.0,,PP-17-44 R,3.2,3.2,,PP-17-44 R,null,null,,PP-17-44 R,null,null,,PP-17-44 R,null,null,,PP-17-44 R,null,null,,PP-17-44 R,null,null,,PP-17-44 R,null,null,,PP-17-44 R,18.0,18.0,,PP-17-44 R,null,null,,PP-17-44 R,1.6,1.6,,PP-17-44 R,null,null,,PP-17-44 R,12.0,12.0,,PP-17-44 R,null,null,,PP-17-44 R,1.0,1.0,,PP-17-44 R,3.9,3.9,,PP-17-44 R,15.0,15.0,,PP-17-44 R,67.0,67.0,,PP-17-44 R,8.0,8.0,,PP-17-44 R,null,null,,PP-17-44 R,16.0,16.0,,PP-17-44 R,null,null,,PP-17-44 R,26.0,26.0,,PP-17-44 R,3.5,3.5,,PP-17-44 R,2.0,2.0,,PP-17-44 R,547.0,547.0,,PP-17-44 R,0.0,0.0,,PP-17-44 R,null,null,,PP-17-44 R,0.0,0.0,,PP-17-44 R,1.0,1.0,,PP-17-44 R,null,null,,PP-17-44 R,0.0,0.0,,PP-17-44 R,219.0,219.0,,PP-17-44 R,null,null,,PP-17-44 R,17.6,17.6,,PP-17-44 R,1.7,1.7,,PP-17-44 R,81.0,81.0,,PP-17-44 R,93.0,93.0,,
PP-17-54 R,52.35,52.35,,PP-17-54 R,0.946,0.946,,PP-17-54 R,17.87,17.87,,PP-17-54 R,8.58,8.58,,PP-17-54 R,0.152,0.152,,PP-17-54 R,6.42,6.42,,PP-17-54 R,8.53,8.53,,PP-17-54 R,3.46,3.46,,PP-17-54 R,0.99,0.99,,PP-17-54 R,0.209,0.209,,PP-17-54 R,null,null,,PP-17-54 R,277.0,277.0,,PP-17-54 R,0.0,0.0,,PP-17-54 R,27.0,27.0,,PP-17-54 R,125.0,125.0,,PP-17-54 R,1.0,1.0,,PP-17-54 R,77.0,77.0,,PP-17-54 R,3.2,3.2,,PP-17-54 R,null,null,,PP-17-54 R,null,null,,PP-17-54 R,null,null,,PP-17-54 R,null,null,,PP-17-54 R,null,null,,PP-17-54 R,null,null,,PP-17-54 R,19.0,19.0,,PP-17-54 R,null,null,,PP-17-54 R,2.1,2.1,,PP-17-54 R,null,null,,PP-17-54 R,13.0,13.0,,PP-17-54 R,null,null,,PP-17-54 R,0.0,0.0,,PP-17-54 R,4.8,4.8,,PP-17-54 R,16.0,16.0,,PP-17-54 R,76.0,76.0,,PP-17-54 R,9.0,9.0,,PP-17-54 R,null,null,,PP-17-54 R,20.0,20.0,,PP-17-54 R,null,null,,PP-17-54 R,25.2,25.2,,PP-17-54 R,3.7,3.7,,PP-17-54 R,3.0,3.0,,PP-17-54 R,506.0,506.0,,PP-17-54 R,0.0,0.0,,PP-17-54 R,null,null,,PP-17-54 R,2.0,2.0,,PP-17-54 R,3.0,3.0,,PP-17-54 R,null,null,,PP-17-54 R,0.0,0.0,,PP-17-54 R,214.0,214.0,,PP-17-54 R,null,null,,PP-17-54 R,17.8,17.8,,PP-17-54 R,2.0,2.0,,PP-17-54 R,83.0,83.0,,PP-17-54 R,103.0,103.0,,
